{
    "ambientocclusion": false,
	"display": {
        "gui": {
            "rotation": [ 30, 225, 0 ],
            "translation": [ 0, 0, 0],
            "scale":[ 0.625, 0.625, 0.625 ]
        },
        "ground": {
            "rotation": [ 0, 0, 0 ],
            "translation": [ 0, 3, 0],
            "scale":[ 0.25, 0.25, 0.25 ]
        },
        "fixed": {
            "rotation": [ 0, 0, 0 ],
            "translation": [ 0, 0, 0],
            "scale":[ 0.5, 0.5, 0.5 ]
        },
        "thirdperson_righthand": {
            "rotation": [ 75, 45, 0 ],
            "translation": [ 0, 2.5, 0],
            "scale": [ 0.375, 0.375, 0.375 ]
        },
        "firstperson_righthand": {
            "rotation": [ 0, 45, 0 ],
            "translation": [ 0, 0, 0 ],
            "scale": [ 0.40, 0.40, 0.40 ]
        },
        "firstperson_lefthand": {
            "rotation": [ 0, 225, 0 ],
            "translation": [ 0, 0, 0 ],
            "scale": [ 0.40, 0.40, 0.40 ]
        }
    },
    "textures": {
        "0": "teastory:blocks/kettle",
		"1": "teastory:blocks/teadrink",
		"particle":"teastory:blocks/kettle"
    },
    "elements": [
        {
            "name": "Mouth",
            "from": [ 7.500000007450581, 2.9999999701976776, 2.7999999970197678 ], 
            "to": [ 8.500000004470348, 4.9999999642372135, 3.7999999940395357 ], 
            "faces": {
                "north": { "texture": "#0", "uv": [ 8.0, 7.0, 8.799999994039535, 8.799999991059304 ] },
                "east": { "texture": "#0", "uv": [ 8.0, 7.0, 8.799999994039535, 8.799999991059304 ] },
                "south": { "texture": "#0", "uv": [ 8.0, 7.0, 8.799999994039535, 8.799999991059304 ] },
                "west": { "texture": "#0", "uv": [ 8.0, 7.0, 8.799999994039535, 8.799999991059304 ] },
                "up": { "texture": "#0", "uv": [ 8.0, 7.0, 8.799999994039535, 7.799999994039536 ] },
                "down": { "texture": "#0", "uv": [ 8.0, 7.0, 8.799999994039535, 7.799999994039536 ] }
            }
        },
        {
            "name": "Mouth2",
            "from": [ 7.600000008940697, 4.099999986588955, 2.199999988079071 ], 
            "to": [ 8.400000002980232, 4.899999962747097, 2.7999999791383745 ], 
            "faces": {
                "north": { "texture": "#1", "uv": [ 2.0, 0.0, 2.6, 0.6 ] },
                "east": { "texture": "#0", "uv": [ 8.0, 7.0, 8.599999991059303, 7.59999997317791 ] },
                "south": { "texture": "#0", "uv": [ 8.0, 7.0, 8.599999991059303, 7.59999997317791 ] },
                "west": { "texture": "#0", "uv": [ 8.0, 7.0, 8.599999991059303, 7.59999997317791 ] },
                "up": { "texture": "#0", "uv": [ 8.0, 7.0, 8.599999991059303, 7.5999999910593035 ] },
                "down": { "texture": "#0", "uv": [ 8.0, 7.0, 8.599999991059303, 7.5999999910593035 ] }
            }
        },
        {
            "name": "Handle1",
            "from": [ 7.5999999940395355, 1.7999999970197678, 12.200000002980232 ], 
            "to": [ 8.399999991059303, 2.5999999940395355, 13.0 ], 
            "faces": {
                "north": { "texture": "#0", "uv": [ 8.0, 7.0, 8.799999997019768, 7.5999999940395355 ] },
                "east": { "texture": "#0", "uv": [ 8.0, 7.0, 8.799999997019768, 7.5999999940395355 ] },
                "south": { "texture": "#0", "uv": [ 8.0, 7.0, 8.799999997019768, 7.5999999940395355 ] },
                "west": { "texture": "#0", "uv": [ 8.0, 7.0, 8.799999997019768, 7.5999999940395355 ] },
                "up": { "texture": "#0", "uv": [ 8.0, 7.0, 8.799999997019768, 7.799999997019768 ] },
                "down": { "texture": "#0", "uv": [ 8.0, 7.0, 8.799999997019768, 7.799999997019768 ] }
            }
        },
        {
            "name": "Handle2",
            "from": [ 7.5999999940395355, 4.200000002980232, 12.200000002980232 ], 
            "to": [ 8.399999991059303, 4.799999997019768, 13.0 ], 
            "faces": {
                "north": { "texture": "#0", "uv": [ 8.0, 7.0, 8.799999997019768, 7.5999999940395355 ] },
                "east": { "texture": "#0", "uv": [ 8.0, 7.0, 8.799999997019768, 7.5999999940395355 ] },
                "south": { "texture": "#0", "uv": [ 8.0, 7.0, 8.799999997019768, 7.5999999940395355 ] },
                "west": { "texture": "#0", "uv": [ 8.0, 7.0, 8.799999997019768, 7.5999999940395355 ] },
                "up": { "texture": "#0", "uv": [ 8.0, 7.0, 8.799999997019768, 7.799999997019768 ] },
                "down": { "texture": "#0", "uv": [ 8.0, 7.0, 8.799999997019768, 7.799999997019768 ] }
            }
        },
        {
            "name": "Handle3",
            "from": [ 7.5999999940395355, 1.7999999821186066, 13.000000014901161 ], 
            "to": [ 8.399999994039536, 4.799999967217445, 13.600000008940697 ], 
            "faces": {
                "north": { "texture": "#0", "uv": [ 8.0, 7.0, 8.799999997019768, 9.999999985098839 ] },
                "east": { "texture": "#0", "uv": [ 8.0, 7.0, 8.599999994039536, 9.999999985098839 ] },
                "south": { "texture": "#0", "uv": [ 8.0, 6.0, 8.799999997019768, 8.999999985098839 ] },
                "west": { "texture": "#0", "uv": [ 8.0, 7.0, 8.599999994039536, 9.999999985098839 ] },
                "up": { "texture": "#0", "uv": [ 7.0, 7.0, 7.799999997019768, 7.5999999940395355 ] },
                "down": { "texture": "#0", "uv": [ 7.0, 7.0, 7.799999997019768, 7.5999999940395355 ] }
            }
        },
        {
            "name": "Middle",
            "from": [ 5.4000000059604645, 0.7999999880790711, 3.8 ], 
            "to": [ 10.599999994039536, 5.599999988079071, 12.2 ], 
            "faces": {
                "north": { "texture": "#0", "uv": [ 5.0, 6.0, 10.199999988079071, 10.8 ] },
                "east": { "texture": "#0", "uv": [ 4.0, 6.0, 12.4, 10.8 ] },
                "south": { "texture": "#0", "uv": [ 5.0, 6.0, 10.199999988079071, 10.8 ] },
                "west": { "texture": "#0", "uv": [ 4.0, 6.0, 12.4, 10.8 ] },
                "up": { "texture": "#0", "uv": [ 5.0, 4.0, 10.199999988079071, 12.4 ] },
                "down": { "texture": "#0", "uv": [ 5.0, 4.0, 10.199999988079071, 12.4 ] }
            }
        },
        {
            "name": "Middle2",
            "from": [ 3.8, 0.7999999880790711, 5.4000000059604645 ], 
            "to": [ 12.2, 5.599999988079071, 10.599999994039536 ], 
            "faces": {
                "north": { "texture": "#0", "uv": [ 4.0, 6.0, 12.4, 10.8 ] },
                "east": { "texture": "#0", "uv": [ 6.0, 6.0, 11.199999988079071, 10.8 ] },
                "south": { "texture": "#0", "uv": [ 4.0, 5.0, 12.4, 9.8 ] },
                "west": { "texture": "#0", "uv": [ 6.0, 6.0, 11.199999988079071, 10.8 ] },
                "up": { "texture": "#0", "uv": [ 4.0, 6.0, 12.4, 11.199999988079071 ] },
                "down": { "texture": "#0", "uv": [ 4.0, 6.0, 12.4, 11.199999988079071 ] }
            }
        },
        {
            "name": "Middle3",
            "from": [ 4.499999992549419, 0.7999999970197678, 4.500000007450581 ], 
            "to": [ 11.499999989569186, 5.599999997019768, 11.500000004470348 ], 
            "faces": {
                "north": { "texture": "#0", "uv": [ 5.0, 6.0, 11.999999997019767, 10.8 ] },
                "east": { "texture": "#0", "uv": [ 5.0, 6.0, 11.999999997019767, 10.8 ] },
                "south": { "texture": "#0", "uv": [ 5.0, 6.0, 11.999999997019767, 10.8 ] },
                "west": { "texture": "#0", "uv": [ 5.0, 6.0, 11.999999997019767, 10.8 ] },
                "up": { "texture": "#0", "uv": [ 5.0, 5.0, 11.999999997019767, 11.999999997019767 ] },
                "down": { "texture": "#0", "uv": [ 5.0, 5.0, 11.999999997019767, 11.999999997019767 ] }
            }
        },
        {
            "name": "Top",
            "from": [ 4.999999997019768, 5.599999988079071, 4.999999997019768 ], 
            "to": [ 11.000000002980233, 6.199999985098839, 11.000000002980233 ],